INSERT INTO
  "Pokemon" (
    "id",
    "name",
    "dexNumber"
  )
VALUES
  ('4b2872dd-2c8d-44b3-9bd1-c51ce2a6707f', 'Bulbasaur', '001'),
  ('340a7a43-8c37-4916-822b-353f33412e36', 'Charmander', '004'),
  ('fe5cc2aa-205f-4372-9b18-92edc68fa474', 'Charmeleon', '005'),
  ('43c88ef1-9521-4a7d-8ecd-60d92d5ab1d1', 'Charizard', '006'),
  ('51b4e094-5c9b-4c9f-a1dd-47917953e1e4', 'Squirtle', '007'),
  ('b462dde8-68ed-4c67-8692-2e524c3310e6', 'Metapod', '011'),
  ('c293be72-e965-4843-9421-6d85c859a70d', 'Butterfree', '012'),
  ('7c720455-3a03-4499-97fd-43be44209b4e', 'Kakuna', '014'),
  ('4276ea4e-eb34-416b-a89f-54101e279a79', 'Pidgey', '016'),
  ('9cecc40a-d810-4242-9ae1-473abb5bdc5e', 'Pikachu', '025'),
  ('a8a7d242-d3eb-4720-88c7-1d2d11efe90e', 'Sandshrew', '027'),
  ('c9920913-7c45-43da-900f-ca2b64d6e1fc', 'Sandslash', '028'),
  ('25948301-b08e-40e5-af66-64617605f537', 'Vulpix', '037'),
  ('3a69a3ff-f6e0-48de-b7c3-05599db24250', 'Jigglypuff', '039'),
  ('e386ec44-c695-4991-90da-907266f66743', 'Zubat', '041'),
  ('98edf093-c417-49fd-af8d-9b83ab7cb49a', 'Vileplume', '045'),
  ('54fdf56f-6cbf-4e54-a8b6-31cc1fa44651', 'Diglett', '050'),
  ('19390e60-ad7e-4e66-b882-1aee4d73c262', 'Dugtrio', '051'),
  ('90759b2f-7421-4c71-add9-1912d4424e45', 'Meowth', '052'),
  ('8625cbb1-3f29-47fe-9841-a31111536e1a', 'Psyduck', '054'),
  ('14dee44c-98eb-4c71-ad63-ac479c3ca3b8', 'Mankey', '056'),
  ('9ab4ba4b-1c18-4a80-b45e-62be3d5dba5f', 'Growlithe', '058'),
  ('95dbcd93-02f8-4c7f-a278-58449b8e7f03', 'Arcanine', '059'),
  ('1b94de5e-d404-49e3-a084-578c1aeed3d2', 'Poliwag', '060'),
  ('64458552-7d35-4d25-9b63-9a4ef81689bd', 'Weepinbell', '070'),
  ('d2db631e-7eca-4ef2-b539-d4b1cf14bfa8', 'Victreebel', '071'),
  ('aa339481-877a-4efb-a9f0-ee40bb0f244b', 'Geodude', '074'),
  ('7757682e-324f-4921-b69f-d0e0dfb3a76a', 'Graveler', '075'),
  ('263dbbaa-8a27-400e-be45-4664edf79f39', 'Rapidash', '078'),
  ('d424e9aa-feae-414a-8b80-0b424a7a187b', 'Slowpoke', '079'),
  ('9e57b282-2e0f-4e7d-970d-89a53998e1d8', 'Slowbro', '080'),
  ('7e297cbd-49f4-4254-ba71-0ac3d85cdbf6', 'Magnemite', '081'),
  ('4849643a-54cb-4d76-a588-274387074a63', 'Magneton', '082'),
  ('e42ecebe-c5ae-42c3-bd5b-0a9874d759ae', 'Doduo', '084'),
  ('b24c9ee4-f6b0-430d-9352-4f4b472593f9', 'Grimer', '088'),
  ('92b35058-2540-49ad-b556-c55f8a96a2d5', 'Muk', '089'),
  ('5cbfdf34-1d05-4546-acf9-f41935469ddb', 'Shellder', '090'),
  ('a9b2e00b-ea6c-486a-b163-171685fc4ab2', 'Cloyster', '091'),
  ('c02ec7d7-39a6-42a8-a448-e8c0a8fe80a8', 'Haunter', '093'),
  ('16de5eab-2e28-47af-b7bd-486ff5d94131', 'Electrode', '101'),
  ('32ce7f0e-51f8-4e47-8e3f-ecd7833f350b', 'Koffing', '109'),
  ('da282c7f-43da-463f-bca0-e5feae37c02c', 'Chansey', '113'),
  ('88849f76-dc43-470d-8fa5-fdbdb8c155bb', 'Kangaskhan', '115'),
  ('beb1159a-9ed5-4e16-80f5-16274f8f0331', 'Goldeen', '118'),
  ('2b6b9f20-e901-4cbc-89d7-73c07b01dd1b', 'Staryu', '120'),
  ('510fab04-56f0-4b6d-8461-87335dc7da60', 'Starmie', '121'),
  ('326d6e63-d9a0-49ef-be71-f64f592b381e', 'Scyther', '123'),
  ('8959c81f-8d74-4c07-b911-109e5b1741d0', 'Jynx', '124'),
  ('32a07454-00a5-45b9-9497-0659a7763247', 'Electabuzz', '125'),
  ('897d300b-496f-4723-a5d6-5ccad3dcde88', 'Magmar', '126'),
  ('b952617a-8851-4825-af70-d4054a4e5e46', 'Magikarp', '129'),
  ('2ad949d1-5239-473f-ac76-ef749a438b09', 'Gyarados', '130'),
  ('073767e3-36f4-422f-89ab-d404ab224f92', 'Lapras', '131'),
  ('7a091fd9-a93a-4604-8400-792969522cf7', 'Ditto', '132'),
  ('05510009-cc13-46ea-97ad-f78b38e738c6', 'Eevee', '133'),
  ('316efb74-fbc0-45b1-8f94-f41c186361ef', 'Porygon', '137'),
  ('30040ed4-8721-48dc-a14a-a36b1010d7ce', 'Snorlax', '143'),
  ('de8a6210-731e-43f3-9bf4-a19b91938815', 'Articuno', '144'),
  ('3f3a1490-84e8-444c-98bb-361dfc23092e', 'Zapdos', '145'),
  ('57bfd192-db28-460e-8f96-89e102cfcbfa', 'Moltres', '146'),
  ('ea5482f3-56df-4330-ae94-26bd33ac1771', 'Dratini', '147'),
  ('74260189-8f75-4f9f-a669-86a9e91ea7ec', 'Dragonite', '149'),
  ('fb284958-0024-4363-8f9c-ef3ba355b89e', 'Mew', '151');

INSERT INTO
  "Challenge" (
    "id",
    "name",
    "pokemonId",
    "stage"
  )
VALUES
  ('480416ed-70f4-4508-8ba5-8a38b0267dd5', 'Surfing Pikachu', '9cecc40a-d810-4242-9ae1-473abb5bdc5e', 'BEACH'),
  ('9e9c633b-7b70-407c-a01a-50ce20b08189', 'Stump Pikachu', '9cecc40a-d810-4242-9ae1-473abb5bdc5e', 'BEACH'),
  ('bda05755-2c34-4a2e-9860-cbed680c5d28', 'Pikachu on a Ball', '9cecc40a-d810-4242-9ae1-473abb5bdc5e', 'TUNNEL'),
  ('56ac54f9-0fb7-4768-929c-c161e1260eb2', 'Speed Pikachu', '9cecc40a-d810-4242-9ae1-473abb5bdc5e', 'RIVER'),
  ('52712ca4-29d1-425e-8e50-b4a1c0e1394f', 'Balloon Pikachu', '9cecc40a-d810-4242-9ae1-473abb5bdc5e', 'CAVE'),
  ('73286bd6-4749-4e9a-866a-ffb8eab9adab', 'Flying Pikachu', '9cecc40a-d810-4242-9ae1-473abb5bdc5e', 'CAVE'),
  ('f6e7dc46-c196-4be7-bf6c-9c5c8218883e', 'Gust-using Pidgey', '4276ea4e-eb34-416b-a89f-54101e279a79', 'BEACH'),
  ('1d185c12-ff33-43ee-b291-5e840dc1fca4', 'Beach Magikarp', 'b952617a-8851-4825-af70-d4054a4e5e46', 'BEACH'),
  ('c303d437-004d-4cce-8d7c-4f215aacfafa', 'Tunnel Magikarp', 'b952617a-8851-4825-af70-d4054a4e5e46', 'TUNNEL'),
  ('91621759-14ef-41c1-b15c-847aa81baa6a', 'Volcano Magikarp', 'b952617a-8851-4825-af70-d4054a4e5e46', 'VOLCANO'),
  ('1ac87e60-6198-4686-be7f-4eb8a7b18860', 'River Magikarp', 'b952617a-8851-4825-af70-d4054a4e5e46', 'RIVER'),
  ('c64f3a06-8d56-49b8-a8c1-79cb65edb64b', 'Cave Magikarp', 'b952617a-8851-4825-af70-d4054a4e5e46', 'CAVE'),
  ('0617acde-7ab1-492f-9b3d-73a0fd9c3393', 'Valley Magikarp', 'b952617a-8851-4825-af70-d4054a4e5e46', 'VALLEY'),
  ('ab40b5d7-985a-4ebe-9eca-9edcc61ccbd4', 'Fighting Magmar', '897d300b-496f-4723-a5d6-5ccad3dcde88', 'VOLCANO'),
  ('81696187-7480-4319-81f3-d673687f777a', 'Jigglypuff on Stage', '3a69a3ff-f6e0-48de-b7c3-05599db24250', 'CAVE'),
  ('3a62be51-e484-4d0b-a27d-e4f0abf2480a', 'Jigglypuff Trio on Stage', '3a69a3ff-f6e0-48de-b7c3-05599db24250', 'CAVE'),
  ('9555e6d2-d788-4a2e-933a-62e4c59ee92e', 'Graveler Group Dance', '7757682e-324f-4921-b69f-d0e0dfb3a76a', 'VALLEY'),
  ('18036f86-546f-4526-84ca-26164205ea99', 'The rare Pokemon Mew', 'fb284958-0024-4363-8f9c-ef3ba355b89e', 'RAINBOW_CLOUD'),
  ('4773738e-08f7-469d-b9f5-c97356b3c130', 'River Bulbasaur', '4b2872dd-2c8d-44b3-9bd1-c51ce2a6707f', 'RIVER'),
  ('72acc22e-2eeb-4523-aae3-23d3d122c79c', 'Bulbaditto', '4b2872dd-2c8d-44b3-9bd1-c51ce2a6707f', 'CAVE'),
  ('72e6f48c-cd3c-466f-b1bd-96bdd6b8ced9', 'Volcano Charmander', '340a7a43-8c37-4916-822b-353f33412e36', 'VOLCANO'),
  ('ec6dca2b-7611-408d-a8f3-9af0a3235b49', 'Volcano Charmeleon', 'fe5cc2aa-205f-4372-9b18-92edc68fa474', 'VOLCANO'),
  ('1fa8e836-17ca-4812-b29c-88adaf886b82', 'Volcano Charizard', '43c88ef1-9521-4a7d-8ecd-60d92d5ab1d1', 'VOLCANO'),
  ('ffe48e14-c2f4-40f4-91ef-f619e7fed219', 'Valley Squirtle', '51b4e094-5c9b-4c9f-a1dd-47917953e1e4', 'VALLEY'),
  ('99176944-3b76-4fbe-a041-01d5667f2af4', 'River Metapod', 'b462dde8-68ed-4c67-8692-2e524c3310e6', 'RIVER'),
  ('cdfce3f7-839d-4d0c-81b7-7efd9366d4d7', 'River Butterfree', 'c293be72-e965-4843-9421-6d85c859a70d', 'RIVER'),
  ('fda6c05a-729b-4bc3-a843-97869f254280', 'Tunnel Kakuna', '7c720455-3a03-4499-97fd-43be44209b4e', 'TUNNEL'),
  ('bf377d09-0a45-4add-bd64-c4da0afd9513', 'Beach Pidgey', '4276ea4e-eb34-416b-a89f-54101e279a79', 'BEACH'),
  ('abb733d1-8553-4293-8e9f-555070452577', 'Beach Pikachu', '9cecc40a-d810-4242-9ae1-473abb5bdc5e', 'BEACH'),
  ('d75139d8-a3e5-43e8-b265-f515eba9c78f', 'Tunnel Pikachu', '9cecc40a-d810-4242-9ae1-473abb5bdc5e', 'TUNNEL'),
  ('2617d5b7-8ed9-43a2-8440-1a1ad2034509', 'Valley Sandshrew', 'a8a7d242-d3eb-4720-88c7-1d2d11efe90e', 'VALLEY'),
  ('2c964a41-027e-4b76-a69f-e28e88922095', 'Valley Sandslash', 'c9920913-7c45-43da-900f-ca2b64d6e1fc', 'VALLEY'),
  ('e10b6296-eefa-4d21-a7dd-94171e8d8f58', 'Volcano Vulpix', '25948301-b08e-40e5-af66-64617605f537', 'VOLCANO'),
  ('cc89e639-aa2c-4433-9bdc-9af56b4aa89c', 'Cave Jigglypuff', '3a69a3ff-f6e0-48de-b7c3-05599db24250', 'CAVE'),
  ('f7588af3-174a-4c62-a9e7-1d4cdcd89cc8', 'Tunnel Zubat', 'e386ec44-c695-4991-90da-907266f66743', 'TUNNEL'),
  ('89c2bf2e-3650-4b6d-a29a-9a0d62f559fa', 'Cave Zubat', 'e386ec44-c695-4991-90da-907266f66743', 'CAVE'),
  ('ea4f0dae-820d-4aa3-a9c6-6b03c9beab06', 'River Vileplume', '98edf093-c417-49fd-af8d-9b83ab7cb49a', 'RIVER'),
  ('e6342620-346b-49e8-b619-d9f50e94712b', 'Tunnel Diglett', '54fdf56f-6cbf-4e54-a8b6-31cc1fa44651', 'TUNNEL'),
  ('2bc84826-52ae-41f1-96f6-01cafe0e9563', 'Tunnel Dugtrio', '19390e60-ad7e-4e66-b882-1aee4d73c262', 'TUNNEL'),
  ('4886788a-8a6b-433c-8f79-d6fca0f762cc', 'Beach Meowth', '90759b2f-7421-4c71-add9-1912d4424e45', 'BEACH'),
  ('97f2e618-558a-40e5-be3e-5b56301ba9c5', 'River Psyduck', '8625cbb1-3f29-47fe-9841-a31111536e1a', 'RIVER'),
  ('818af04d-d192-4af9-87a9-cb4beea50d24', 'Valley Mankey', '14dee44c-98eb-4c71-ad63-ac479c3ca3b8', 'VALLEY'),
  ('ff29d0e3-3a46-4df2-8660-0efaf6b5149f', 'Volcano Growlithe', '9ab4ba4b-1c18-4a80-b45e-62be3d5dba5f', 'VOLCANO'),
  ('39d610e7-a521-4639-b7bf-1d744c2a8074', 'Volcano Arcanine', '95dbcd93-02f8-4c7f-a278-58449b8e7f03', 'VOLCANO'),
  ('df6bafff-5b89-4408-9c73-04b3cfa5a442', 'River Poliwag', '1b94de5e-d404-49e3-a084-578c1aeed3d2', 'RIVER'),
  ('cc268ed2-5a86-4764-8160-c442d1bbd0b9', 'Cave Weepinbell', '64458552-7d35-4d25-9b63-9a4ef81689bd', 'CAVE'),
  ('26de88c1-bd5f-4559-a8ad-185182e6bfbc', 'Cave Victreebel', 'd2db631e-7eca-4ef2-b539-d4b1cf14bfa8', 'CAVE'),
  ('1f73a239-f10c-478d-8133-089832bd69ad', 'Valley Geodude', 'aa339481-877a-4efb-a9f0-ee40bb0f244b', 'VALLEY'),
  ('477ec252-81e9-4b52-8c8f-ad4a0fe94b53', 'Valley Graveler', '7757682e-324f-4921-b69f-d0e0dfb3a76a', 'VALLEY'),
  ('bb15c5f1-1571-4f12-ba88-24556e14f751', 'Volcano Rapidash', '263dbbaa-8a27-400e-be45-4664edf79f39', 'VOLCANO'),
  ('f64ec4f5-885f-427d-b10d-82ac49ee429d', 'River Slowpoke', 'd424e9aa-feae-414a-8b80-0b424a7a187b', 'RIVER'),
  ('71d964eb-0963-4941-9c0c-9e24275ca1f3', 'River Slowbro', '9e57b282-2e0f-4e7d-970d-89a53998e1d8', 'RIVER'),
  ('082cda4e-bab0-4b20-aaae-000e8600518d', 'Tunnel Magnemite', '7e297cbd-49f4-4254-ba71-0ac3d85cdbf6', 'TUNNEL'),
  ('8fdd0de4-8155-47bb-ae65-d49da64adb15', 'Tunnel Magneton', '4849643a-54cb-4d76-a588-274387074a63', 'TUNNEL'),
  ('8e9f05d6-e02b-4c03-9536-1f8f4adf4d95', 'Beach Doduo', 'e42ecebe-c5ae-42c3-bd5b-0a9874d759ae', 'BEACH'),
  ('988c7bd4-ab1f-4fda-9560-47d6246a48db', 'Cave Grimer', 'b24c9ee4-f6b0-430d-9352-4f4b472593f9', 'CAVE'),
  ('8214ab26-896b-4740-90a1-2eb8233f8172', 'Cave Muk', '92b35058-2540-49ad-b556-c55f8a96a2d5', 'CAVE'),
  ('5ebe981b-1b4e-4c28-9121-23d4d63981c3', 'River Shellder', '5cbfdf34-1d05-4546-acf9-f41935469ddb', 'RIVER'),
  ('c034a10a-dbe9-4f08-9bf8-74ebbddb0844', 'River Cloyster', 'a9b2e00b-ea6c-486a-b163-171685fc4ab2', 'RIVER'),
  ('f9844bca-0a02-4d1e-a476-58c8edd8e005', 'Tunnel Haunter', 'c02ec7d7-39a6-42a8-a448-e8c0a8fe80a8', 'TUNNEL'),
  ('5f1d5c9a-6f35-474f-8081-0b715fd1682f', 'Tunnel Electrode', '16de5eab-2e28-47af-b7bd-486ff5d94131', 'TUNNEL'),
  ('c413d258-6d8d-44eb-af61-9482290d49a2', 'Cave Koffing', '32ce7f0e-51f8-4e47-8e3f-ecd7833f350b', 'CAVE'),
  ('0e0bfe2b-bf90-48c4-baa7-48d324e6526b', 'Beach Chansey', 'da282c7f-43da-463f-bca0-e5feae37c02c', 'BEACH'),
  ('c4f2faa9-bb01-4022-9d35-05d2d348f4d1', 'Beach Kangaskhan', '88849f76-dc43-470d-8fa5-fdbdb8c155bb', 'BEACH'),
  ('f5b14410-fd98-422c-8e51-e8e8f3b6d702', 'Valley Goldeen', 'beb1159a-9ed5-4e16-80f5-16274f8f0331', 'VALLEY'),
  ('13f8b476-8b10-4bab-b307-2b89e170fd07', 'Valley Staryu', '2b6b9f20-e901-4cbc-89d7-73c07b01dd1b', 'VALLEY'),
  ('a30f961b-6d77-47dd-890d-b4472166a54e', 'Valley Starmie', '510fab04-56f0-4b6d-8461-87335dc7da60', 'VALLEY'),
  ('6bfc1e9d-fa10-4d22-9137-b439680f4ee3', 'Beach Scyther', '326d6e63-d9a0-49ef-be71-f64f592b381e', 'BEACH'),
  ('94d3441a-11d9-4719-b79a-40b2f34f6fb9', 'Cave Jynx', '8959c81f-8d74-4c07-b911-109e5b1741d0', 'CAVE'),
  ('93cd5f26-9016-4913-8975-a4ffb70fbe59', 'Tunnel Electabuzz', '32a07454-00a5-45b9-9497-0659a7763247', 'TUNNEL'),
  ('f33e36cf-8a6e-407c-bdc6-98a7a23aa92e', 'Volcano Magmar', '897d300b-496f-4723-a5d6-5ccad3dcde88', 'VOLCANO'),
  ('ddeb2d47-c0d5-4f0b-8ccc-a3156c31b282', 'Valley Gyarados', '2ad949d1-5239-473f-ac76-ef749a438b09', 'VALLEY'),
  ('3b9c24b1-e1ec-4417-8133-3902c6a14714', 'Beach Lapras', '073767e3-36f4-422f-89ab-d404ab224f92', 'BEACH'),
  ('f53ebcde-8a88-4623-acd8-045290a77071', 'Cave Ditto', '7a091fd9-a93a-4604-8400-792969522cf7', 'CAVE'),
  ('4375d584-12d4-4ed5-ad78-0217e821d667', 'Beach Eevee', '05510009-cc13-46ea-97ad-f78b38e738c6', 'BEACH'),
  ('91ee7a7d-cfdb-4aea-9dae-0aefbf72cb32', 'River Porygon', '316efb74-fbc0-45b1-8f94-f41c186361ef', 'RIVER'),
  ('5ab2a348-016e-43c7-b2b3-b61f5f6ad63b', 'Beach Snorlax', '30040ed4-8721-48dc-a14a-a36b1010d7ce', 'BEACH'),
  ('70b3085f-c2ca-4a2c-9d36-a01975bdcf24', 'Cave Articuno', 'de8a6210-731e-43f3-9bf4-a19b91938815', 'CAVE'),
  ('80f4ce8c-17b5-4bba-a8a2-0d905a5cce1a', 'Tunnel Zapdos', '3f3a1490-84e8-444c-98bb-361dfc23092e', 'TUNNEL'),
  ('9d5454d4-c165-4c49-a60a-e928f63f488f', 'Volcano Moltres', '57bfd192-db28-460e-8f96-89e102cfcbfa', 'VOLCANO'),
  ('4654f37a-8d05-4a56-956d-29e4fdbd60fc', 'Valley Dratini', 'ea5482f3-56df-4330-ae94-26bd33ac1771', 'VALLEY'),
  ('4a847d58-d50d-48b8-95ee-ea319dc19e72', 'Valley Dragonite', '74260189-8f75-4f9f-a669-86a9e91ea7ec', 'VALLEY'),
  ('301f2942-f8e1-4982-86e8-9df8728c5dc3', 'Rainbow Cloud Mew', 'fb284958-0024-4363-8f9c-ef3ba355b89e', 'RAINBOW_CLOUD'),
  ('0a1e51fd-82aa-4692-80e8-8a0ad7320cb1', 'Bulbasaur', '4b2872dd-2c8d-44b3-9bd1-c51ce2a6707f', NULL),
  ('80c7e669-1eea-4bad-8b31-1ba4290461d2', 'Charmander', '340a7a43-8c37-4916-822b-353f33412e36', NULL),
  ('56c3b569-4fe4-4f52-94ea-7bc2de06c9dc', 'Charmeleon', 'fe5cc2aa-205f-4372-9b18-92edc68fa474', NULL),
  ('9413d50c-686f-43eb-a1b9-06174e148534', 'Charizard', '43c88ef1-9521-4a7d-8ecd-60d92d5ab1d1', NULL),
  ('d04589f5-ee62-4374-b1c1-6db33d17fca9', 'Squirtle', '51b4e094-5c9b-4c9f-a1dd-47917953e1e4', NULL),
  ('c77d45d5-85b0-4aad-9ffb-4a37d6895f3f', 'Metapod', 'b462dde8-68ed-4c67-8692-2e524c3310e6', NULL),
  ('9d096947-b6c5-4728-ab25-8b28ee63ad6e', 'Butterfree', 'c293be72-e965-4843-9421-6d85c859a70d', NULL),
  ('eb7a2f78-7fe0-4ee5-abeb-3f9160e89d40', 'Kakuna', '7c720455-3a03-4499-97fd-43be44209b4e', NULL),
  ('1e8a5a32-1942-49f2-8fce-7c5d2c577b15', 'Pidgey', '4276ea4e-eb34-416b-a89f-54101e279a79', NULL),
  ('830b1273-99f5-429f-9dc3-57d5bbba60bd', 'Pikachu', '9cecc40a-d810-4242-9ae1-473abb5bdc5e', NULL),
  ('6da8c510-67bd-4a33-9045-69383e606505', 'Sandshrew', 'a8a7d242-d3eb-4720-88c7-1d2d11efe90e', NULL),
  ('89821019-d119-47ab-b174-9d907ef25ebf', 'Sandslash', 'c9920913-7c45-43da-900f-ca2b64d6e1fc', NULL),
  ('20edd09b-9a50-4bbe-b750-d0a4be6214fb', 'Vulpix', '25948301-b08e-40e5-af66-64617605f537', NULL),
  ('a920fc64-779c-4036-8162-198f452cc137', 'Jigglypuff', '3a69a3ff-f6e0-48de-b7c3-05599db24250', NULL),
  ('6bfc0eed-7e08-45e4-acc7-e33277f720f6', 'Zubat', 'e386ec44-c695-4991-90da-907266f66743', NULL),
  ('5832a1a7-cd81-4689-a3d4-49187f28c234', 'Vileplume', '98edf093-c417-49fd-af8d-9b83ab7cb49a', NULL),
  ('09e0201c-508d-4d4a-abd1-5c491f8fa3f0', 'Diglett', '54fdf56f-6cbf-4e54-a8b6-31cc1fa44651', NULL),
  ('cc44ae07-8c42-4c38-ae6a-a13a6a0d22c6', 'Dugtrio', '19390e60-ad7e-4e66-b882-1aee4d73c262', NULL),
  ('a7110f3b-6abb-4b8b-b2fd-43fb3358a946', 'Meowth', '90759b2f-7421-4c71-add9-1912d4424e45', NULL),
  ('b93f44e0-4f57-4990-aaf9-5b4095705986', 'Psyduck', '8625cbb1-3f29-47fe-9841-a31111536e1a', NULL),
  ('104e12ed-9001-4071-b55b-885304c16ca7', 'Mankey', '14dee44c-98eb-4c71-ad63-ac479c3ca3b8', NULL),
  ('2c0d3a59-d9f7-4ff0-ada8-b6d15f3c18ee', 'Growlithe', '9ab4ba4b-1c18-4a80-b45e-62be3d5dba5f', NULL),
  ('04f39f51-fcb7-40ed-b951-449f1314f969', 'Arcanine', '95dbcd93-02f8-4c7f-a278-58449b8e7f03', NULL),
  ('964e81a8-887e-4ea1-b544-9c8dd2e68113', 'Poliwag', '1b94de5e-d404-49e3-a084-578c1aeed3d2', NULL),
  ('fc77bab6-b4ce-489c-8b68-c9888a60a046', 'Weepinbell', '64458552-7d35-4d25-9b63-9a4ef81689bd', NULL),
  ('c3396fe7-d9b5-4f43-ab8e-d0b1239ed069', 'Victreebel', 'd2db631e-7eca-4ef2-b539-d4b1cf14bfa8', NULL),
  ('23d5bec6-5f39-4b19-95ae-b42b4aeee00a', 'Geodude', 'aa339481-877a-4efb-a9f0-ee40bb0f244b', NULL),
  ('f058544d-b0c5-4206-80f5-a1f3b3b94570', 'Graveler', '7757682e-324f-4921-b69f-d0e0dfb3a76a', NULL),
  ('79fd3b5d-facf-463e-96df-f9511cb89615', 'Rapidash', '263dbbaa-8a27-400e-be45-4664edf79f39', NULL),
  ('3f2f99e4-7590-49ab-8175-c059b114e5a7', 'Slowpoke', 'd424e9aa-feae-414a-8b80-0b424a7a187b', NULL),
  ('6c4e099f-8b34-48b5-a1a4-be226f530371', 'Slowbro', '9e57b282-2e0f-4e7d-970d-89a53998e1d8', NULL),
  ('747abf25-951d-4b04-9e49-7e06b8ea1394', 'Magnemite', '7e297cbd-49f4-4254-ba71-0ac3d85cdbf6', NULL),
  ('ef0c5141-7913-40f3-aef7-fe608703a2b1', 'Magneton', '4849643a-54cb-4d76-a588-274387074a63', NULL),
  ('fd6ae4b6-4750-47ca-8935-4f22b1eb5f5a', 'Doduo', 'e42ecebe-c5ae-42c3-bd5b-0a9874d759ae', NULL),
  ('2ba0de14-b4d2-4d1d-875f-360e2a050073', 'Grimer', 'b24c9ee4-f6b0-430d-9352-4f4b472593f9', NULL),
  ('363bfb7f-c945-464d-8747-5d66fbd52c1a', 'Muk', '92b35058-2540-49ad-b556-c55f8a96a2d5', NULL),
  ('9bd14760-ed7c-4f02-a955-8a7533cafd2d', 'Shellder', '5cbfdf34-1d05-4546-acf9-f41935469ddb', NULL),
  ('7822a724-8eff-4171-8111-f972de396763', 'Cloyster', 'a9b2e00b-ea6c-486a-b163-171685fc4ab2', NULL),
  ('d13fa45a-ad18-4c8f-8bc8-f980abbf6469', 'Haunter', 'c02ec7d7-39a6-42a8-a448-e8c0a8fe80a8', NULL),
  ('751430d6-92f1-4aad-81c6-54369ab5d51e', 'Electrode', '16de5eab-2e28-47af-b7bd-486ff5d94131', NULL),
  ('b52b0522-bbe2-4035-a3d8-909bd6a25c04', 'Koffing', '32ce7f0e-51f8-4e47-8e3f-ecd7833f350b', NULL),
  ('7a4dc74c-2270-4ca4-a723-cfc0cba596ab', 'Chansey', 'da282c7f-43da-463f-bca0-e5feae37c02c', NULL),
  ('cd50a5d9-20bc-4556-b394-c1eb9687b95f', 'Kangaskhan', '88849f76-dc43-470d-8fa5-fdbdb8c155bb', NULL),
  ('46fcc3f4-0d8c-447c-a1dc-5a2440e1e8e9', 'Goldeen', 'beb1159a-9ed5-4e16-80f5-16274f8f0331', NULL),
  ('a4ecf7da-5cbc-4cb0-adfc-dec57b825761', 'Staryu', '2b6b9f20-e901-4cbc-89d7-73c07b01dd1b', NULL),
  ('642d14fb-9b3f-41a4-a512-cf29aa021bc7', 'Starmie', '510fab04-56f0-4b6d-8461-87335dc7da60', NULL),
  ('f7d6006e-3146-4b48-9b19-589f68032ee9', 'Scyther', '326d6e63-d9a0-49ef-be71-f64f592b381e', NULL),
  ('0be636aa-c5a6-472a-960b-91a21917f684', 'Jynx', '8959c81f-8d74-4c07-b911-109e5b1741d0', NULL),
  ('c78167b6-8d9a-4969-83d7-c659842ee03f', 'Electabuzz', '32a07454-00a5-45b9-9497-0659a7763247', NULL),
  ('91b44bfe-557b-405c-9878-4d8b0afa3016', 'Magmar', '897d300b-496f-4723-a5d6-5ccad3dcde88', NULL),
  ('a56a00c8-595f-421a-aaf7-7f8a9811983f', 'Magikarp', 'b952617a-8851-4825-af70-d4054a4e5e46', NULL),
  ('f5c2c629-268f-48fb-a0ae-22882da68b12', 'Gyarados', '2ad949d1-5239-473f-ac76-ef749a438b09', NULL),
  ('174736de-f8d9-40bb-afd3-e2db8b188836', 'Lapras', '073767e3-36f4-422f-89ab-d404ab224f92', NULL),
  ('0b9c2446-4e78-4826-b989-3b53e48b9bff', 'Ditto', '7a091fd9-a93a-4604-8400-792969522cf7', NULL),
  ('e4f7bb70-1dc8-4267-81ea-e7c8d9751fce', 'Eevee', '05510009-cc13-46ea-97ad-f78b38e738c6', NULL),
  ('a7e58363-e478-4351-afd5-f821244d8da1', 'Porygon', '316efb74-fbc0-45b1-8f94-f41c186361ef', NULL),
  ('7e53bf53-5847-429d-bfd2-756c695f5f3a', 'Snorlax', '30040ed4-8721-48dc-a14a-a36b1010d7ce', NULL),
  ('fe8e2146-e807-4406-8470-f224d0a90c10', 'Articuno', 'de8a6210-731e-43f3-9bf4-a19b91938815', NULL),
  ('82768b11-f8f3-4c35-8396-140f1ee49abf', 'Zapdos', '3f3a1490-84e8-444c-98bb-361dfc23092e', NULL),
  ('fb6da799-226d-41d6-bf2f-0b2e1dc692a3', 'Moltres', '57bfd192-db28-460e-8f96-89e102cfcbfa', NULL),
  ('d053fb7d-73ae-484d-942c-2beb40a96494', 'Dratini', 'ea5482f3-56df-4330-ae94-26bd33ac1771', NULL),
  ('efa648a3-f8a1-4fc6-976a-685b171ef5cf', 'Dragonite', '74260189-8f75-4f9f-a669-86a9e91ea7ec', NULL),
  ('c120cb68-ad87-4fbb-b259-2fd300b78db0', 'Mew', 'fb284958-0024-4363-8f9c-ef3ba355b89e', NULL);

INSERT INTO
  "User" (
    "id",
    "name",
    "country",
    "hashedPassword",
    "salt",
    "isAdmin"
  )
VALUES
  ('96f88dce-1f9d-4d01-ad21-397885ede347', 'reizu', 'USA', '', '', true),
  ('d380754c-413b-4d6c-ade7-8e3b4d729987', 'reizuAdmin', 'USA', '7371dcf3cb8889310cfe24714764b77492597f53313c0877b5e37146dd1fcc76f47e61d41f360ddba18ef91a855010c0080b573223f71a5a4c6c44193f6be4d7', '0d4661ebaa7eead11b642cd197456d4c', true);

